{"cameraMode":{"drawMode":0,"name":"Shaded","section":"Shading Mode"},"sceneLighting":true,"audioPlay":false,"sceneViewState":{"m_AlwaysRefresh":false,"showFog":true,"showSkybox":true,"showFlares":true,"showImageEffects":true,"showParticleSystems":true,"showVisualEffectGraphs":true,"m_FxEnabled":true},"in2DMode":false,"pivot":{"x":-25.413326263427736,"y":1.678274154663086,"z":-39.116729736328128},"rotation":{"x":0.002431723056361079,"y":-0.32239264249801638,"z":-0.0018540899036452175,"w":-0.9468967318534851},"size":1.6093477010726929,"orthographic":false}